{"RuleTriggered": 0, "Violations": 187, "Details": {"low_gpu_utilization": 803, "bottlenecks": {"1720453207.50096": {"GPUs": 1, "CPUs": 1}, "1720453208.000622": {"GPUs": 1, "CPUs": 3}, "1720453208.500429": {"GPUs": 1, "CPUs": 4}, "1720453209.000703": {"GPUs": 1, "CPUs": 4}, "1720453209.500286": {"GPUs": 1, "CPUs": 3}, "1720453210.000457": {"GPUs": 1, "CPUs": 4}, "1720453210.501253": {"GPUs": 1, "CPUs": 3}, "1720453211.000452": {"GPUs": 1, "CPUs": 2}, "1720453211.50073": {"GPUs": 1, "CPUs": 2}, "1720453212.000409": {"GPUs": 1, "CPUs": 2}, "1720453212.500901": {"GPUs": 1, "CPUs": 4}, "1720453213.001055": {"GPUs": 1, "CPUs": 4}, "1720453214.000221": {"GPUs": 1, "CPUs": 1}, "1720453214.500991": {"GPUs": 1, "CPUs": 1}, "1720453215.501728": {"GPUs": 1, "CPUs": 2}, "1720453216.000546": {"GPUs": 1, "CPUs": 4}, "1720453216.500423": {"GPUs": 1, "CPUs": 4}, "1720453217.000659": {"GPUs": 1, "CPUs": 4}, "1720453217.501431": {"GPUs": 1, "CPUs": 4}, "1720453218.004493": {"GPUs": 1, "CPUs": 4}, "1720453218.500748": {"GPUs": 1, "CPUs": 4}, "1720453219.004553": {"GPUs": 1, "CPUs": 4}, "1720453220.500942": {"GPUs": 1, "CPUs": 1}, "1720453221.500406": {"GPUs": 1, "CPUs": 1}, "1720453222.000197": {"GPUs": 1, "CPUs": 3}, "1720453224.001034": {"GPUs": 1, "CPUs": 1}, "1720453224.501206": {"GPUs": 1, "CPUs": 1}, "1720453228.501424": {"GPUs": 1, "CPUs": 1}, "1720453229.500669": {"GPUs": 1, "CPUs": 2}, "1720453230.001802": {"GPUs": 1, "CPUs": 3}, "1720453230.50041": {"GPUs": 1, "CPUs": 4}, "1720453231.000418": {"GPUs": 1, "CPUs": 2}, "1720453231.500417": {"GPUs": 1, "CPUs": 3}, "1720453232.003311": {"GPUs": 1, "CPUs": 1}, "1720453232.500957": {"GPUs": 1, "CPUs": 1}, "1720453233.501184": {"GPUs": 1, "CPUs": 1}, "1720453237.001148": {"GPUs": 1, "CPUs": 1}, "1720453240.001115": {"GPUs": 1, "CPUs": 1}, "1720453244.000627": {"GPUs": 1, "CPUs": 1}, "1720453247.500405": {"GPUs": 1, "CPUs": 1}, "1720453264.001029": {"GPUs": 1, "CPUs": 1}, "1720453264.500859": {"GPUs": 1, "CPUs": 1}, "1720453319.000332": {"GPUs": 1, "CPUs": 1}, "1720453319.500742": {"GPUs": 1, "CPUs": 1}, "1720453321.00075": {"GPUs": 1, "CPUs": 1}, "1720453322.501196": {"GPUs": 1, "CPUs": 1}, "1720453326.000376": {"GPUs": 1, "CPUs": 1}, "1720453330.00119": {"GPUs": 1, "CPUs": 1}, "1720453331.000825": {"GPUs": 1, "CPUs": 1}, "1720453331.500897": {"GPUs": 1, "CPUs": 1}, "1720453333.500867": {"GPUs": 1, "CPUs": 1}, "1720453337.5004": {"GPUs": 1, "CPUs": 1}, "1720453345.000557": {"GPUs": 1, "CPUs": 1}, "1720453353.000712": {"GPUs": 1, "CPUs": 1}, "1720453462.000733": {"GPUs": 1, "CPUs": 1}, "1720453464.000824": {"GPUs": 1, "CPUs": 1}, "1720453465.000732": {"GPUs": 1, "CPUs": 1}, "1720453466.000746": {"GPUs": 1, "CPUs": 1}, "1720453466.500885": {"GPUs": 1, "CPUs": 1}, "1720453467.500897": {"GPUs": 1, "CPUs": 1}, "1720453468.001176": {"GPUs": 1, "CPUs": 1}, "1720453468.501217": {"GPUs": 1, "CPUs": 1}, "1720453469.00042": {"GPUs": 1, "CPUs": 1}, "1720453469.50123": {"GPUs": 1, "CPUs": 1}, "1720453470.500588": {"GPUs": 1, "CPUs": 1}, "1720453471.000695": {"GPUs": 1, "CPUs": 1}, "1720453471.500871": {"GPUs": 1, "CPUs": 1}, "1720453479.501173": {"GPUs": 1, "CPUs": 1}, "1720453483.500538": {"GPUs": 1, "CPUs": 1}, "1720453488.002475": {"GPUs": 1, "CPUs": 1}, "1720453488.500627": {"GPUs": 1, "CPUs": 1}, "1720453489.001301": {"GPUs": 1, "CPUs": 1}, "1720453489.50123": {"GPUs": 1, "CPUs": 1}, "1720453491.501031": {"GPUs": 1, "CPUs": 1}, "1720453493.000413": {"GPUs": 1, "CPUs": 1}, "1720453494.501035": {"GPUs": 1, "CPUs": 1}, "1720453499.000654": {"GPUs": 1, "CPUs": 1}, "1720453502.000991": {"GPUs": 1, "CPUs": 1}, "1720453505.000954": {"GPUs": 1, "CPUs": 1}, "1720453507.500644": {"GPUs": 1, "CPUs": 1}, "1720453509.000647": {"GPUs": 1, "CPUs": 1}, "1720453511.001105": {"GPUs": 1, "CPUs": 1}, "1720453512.000743": {"GPUs": 1, "CPUs": 1}, "1720453521.001069": {"GPUs": 1, "CPUs": 1}, "1720453522.000905": {"GPUs": 1, "CPUs": 1}, "1720453525.000914": {"GPUs": 1, "CPUs": 1}, "1720453526.001006": {"GPUs": 1, "CPUs": 1}, "1720453527.000923": {"GPUs": 1, "CPUs": 1}, "1720453528.000329": {"GPUs": 1, "CPUs": 1}, "1720453532.000396": {"GPUs": 1, "CPUs": 1}, "1720453533.000734": {"GPUs": 1, "CPUs": 1}, "1720453533.501154": {"GPUs": 1, "CPUs": 1}, "1720453534.000396": {"GPUs": 1, "CPUs": 1}, "1720453534.500673": {"GPUs": 1, "CPUs": 1}, "1720453536.000651": {"GPUs": 1, "CPUs": 1}, "1720453539.00095": {"GPUs": 1, "CPUs": 1}, "1720453542.000746": {"GPUs": 1, "CPUs": 1}, "1720453542.501149": {"GPUs": 1, "CPUs": 1}, "1720453543.500945": {"GPUs": 1, "CPUs": 1}, "1720453545.000407": {"GPUs": 1, "CPUs": 1}, "1720453546.001133": {"GPUs": 1, "CPUs": 1}, "1720453547.00041": {"GPUs": 1, "CPUs": 1}, "1720453548.50078": {"GPUs": 1, "CPUs": 1}, "1720453550.500761": {"GPUs": 1, "CPUs": 1}, "1720453551.500609": {"GPUs": 1, "CPUs": 1}, "1720453554.001065": {"GPUs": 1, "CPUs": 1}, "1720453559.00111": {"GPUs": 1, "CPUs": 1}, "1720453561.001249": {"GPUs": 1, "CPUs": 1}, "1720453562.002309": {"GPUs": 1, "CPUs": 1}, "1720453565.000397": {"GPUs": 1, "CPUs": 1}, "1720453565.500257": {"GPUs": 1, "CPUs": 1}, "1720453566.000641": {"GPUs": 1, "CPUs": 1}, "1720453569.501119": {"GPUs": 1, "CPUs": 1}, "1720453570.001189": {"GPUs": 1, "CPUs": 1}, "1720453570.500408": {"GPUs": 1, "CPUs": 1}, "1720453572.000562": {"GPUs": 1, "CPUs": 1}, "1720453574.500846": {"GPUs": 1, "CPUs": 1}, "1720453577.001045": {"GPUs": 1, "CPUs": 1}, "1720453577.500367": {"GPUs": 1, "CPUs": 1}, "1720453581.000954": {"GPUs": 1, "CPUs": 1}, "1720453583.000423": {"GPUs": 1, "CPUs": 1}, "1720453584.000512": {"GPUs": 1, "CPUs": 1}, "1720453585.000412": {"GPUs": 1, "CPUs": 1}, "1720453586.000772": {"GPUs": 1, "CPUs": 1}, "1720453586.500674": {"GPUs": 1, "CPUs": 1}, "1720453587.000992": {"GPUs": 1, "CPUs": 1}, "1720453587.500539": {"GPUs": 1, "CPUs": 1}, "1720453588.000786": {"GPUs": 1, "CPUs": 1}, "1720453589.000566": {"GPUs": 1, "CPUs": 1}, "1720453591.000832": {"GPUs": 1, "CPUs": 1}, "1720453592.000237": {"GPUs": 1, "CPUs": 1}, "1720453594.000909": {"GPUs": 1, "CPUs": 1}, "1720453596.500842": {"GPUs": 1, "CPUs": 1}, "1720453597.501008": {"GPUs": 1, "CPUs": 1}, "1720453600.000401": {"GPUs": 1, "CPUs": 1}, "1720453601.001116": {"GPUs": 1, "CPUs": 1}, "1720453602.000252": {"GPUs": 1, "CPUs": 1}, "1720453603.500268": {"GPUs": 1, "CPUs": 1}, "1720453604.500712": {"GPUs": 1, "CPUs": 1}, "1720453606.501236": {"GPUs": 1, "CPUs": 1}, "1720453608.000264": {"GPUs": 1, "CPUs": 1}, "1720453609.500554": {"GPUs": 1, "CPUs": 1}, "1720453610.501195": {"GPUs": 1, "CPUs": 1}, "1720453614.500467": {"GPUs": 1, "CPUs": 1}, "1720453617.50118": {"GPUs": 1, "CPUs": 1}, "1720453618.000394": {"GPUs": 1, "CPUs": 1}, "1720453619.001074": {"GPUs": 1, "CPUs": 1}, "1720453620.00051": {"GPUs": 1, "CPUs": 1}, "1720453621.501196": {"GPUs": 1, "CPUs": 1}, "1720453622.50065": {"GPUs": 1, "CPUs": 2}, "1720453624.000914": {"GPUs": 1, "CPUs": 1}, "1720453625.000403": {"GPUs": 1, "CPUs": 1}, "1720453626.00081": {"GPUs": 1, "CPUs": 1}, "1720453626.50097": {"GPUs": 1, "CPUs": 1}, "1720453628.500519": {"GPUs": 1, "CPUs": 1}, "1720453630.000808": {"GPUs": 1, "CPUs": 1}, "1720453631.001199": {"GPUs": 1, "CPUs": 1}, "1720453633.000274": {"GPUs": 1, "CPUs": 1}, "1720453634.501134": {"GPUs": 1, "CPUs": 1}, "1720453635.500946": {"GPUs": 1, "CPUs": 1}, "1720453636.000975": {"GPUs": 1, "CPUs": 1}, "1720453637.000656": {"GPUs": 1, "CPUs": 1}, "1720453637.500922": {"GPUs": 1, "CPUs": 1}, "1720453639.000969": {"GPUs": 1, "CPUs": 1}, "1720453639.501164": {"GPUs": 1, "CPUs": 1}, "1720453643.000497": {"GPUs": 1, "CPUs": 1}, "1720453644.000808": {"GPUs": 1, "CPUs": 1}, "1720453645.000947": {"GPUs": 1, "CPUs": 1}, "1720453646.001071": {"GPUs": 1, "CPUs": 1}, "1720453647.000623": {"GPUs": 1, "CPUs": 1}, "1720453648.000737": {"GPUs": 1, "CPUs": 1}, "1720453648.500707": {"GPUs": 1, "CPUs": 1}, "1720453651.000634": {"GPUs": 1, "CPUs": 1}, "1720453652.000801": {"GPUs": 1, "CPUs": 1}, "1720453653.001142": {"GPUs": 1, "CPUs": 1}, "1720453657.50085": {"GPUs": 1, "CPUs": 1},