{"RuleTriggered": 0, "Violations": 0, "Details": {"pin_memory": false, "num_workers": 0, "cores": 8, "dataloaders": 1, "dataloading_time": {"p25": 1.23857, "p50": 1.23857, "p95": 1.23857, "probs": [0, 0, 0, 0, 0, 0, 0, 0, 0, 0, 0, 0, 0, 0, 0, 0, 0, 0, 0, 0, 0, 0, 0, 0, 0, 0, 0, 0, 0, 0, 0, 0, 0, 0, 0, 0, 0, 0, 0, 0, 0, 0, 0, 0, 0, 0, 0, 0, 0, 0, 1, 0, 0, 0, 0, 0, 0, 0, 0, 0, 0, 0, 0, 0, 0, 0, 0, 0, 0, 0, 0, 0, 0, 0, 0, 0, 0, 0, 0, 0, 0, 0, 0, 0, 0, 0, 0, 0, 0, 0, 0, 0, 0, 0, 0, 0, 0, 0, 0, 0], "binedges": [0.73857, 0.74857, 0.75857, 0.76857, 0.77857, 0.78857, 0.79857, 0.80857, 0.8185699999999999, 0.8285699999999999, 0.8385699999999999, 0.8485699999999999, 0.8585699999999999, 0.86857, 0.87857, 0.88857, 0.89857, 0.90857, 0.9185699999999999, 0.9285699999999999, 0.9385699999999999, 0.9485699999999999, 0.9585699999999999, 0.9685699999999999, 0.9785699999999999, 0.98857, 0.99857, 1.00857, 1.01857, 1.02857, 1.03857, 1.04857, 1.05857, 1.06857, 1.07857, 1.08857, 1.09857, 1.1085699999999998, 1.11857, 1.1285699999999999, 1.13857, 1.1485699999999999, 1.1585699999999999, 1.1685699999999999, 1.17857, 1.18857, 1.19857, 1.20857, 1.21857, 1.22857, 1.23857, 1.24857, 1.25857, 1.26857, 1.27857, 1.28857, 1.29857, 1.30857, 1.3185699999999998, 1.32857, 1.3385699999999998, 1.34857, 1.3585699999999998, 1.36857, 1.3785699999999999, 1.38857, 1.3985699999999999, 1.40857, 1.4185699999999999, 1.4285700000000001, 1.43857, 1.44857, 1.45857, 1.46857, 1.47857, 1.48857, 1.49857, 1.50857, 1.51857, 1.52857, 1.53857, 1.54857, 1.55857, 1.56857, 1.57857, 1.5885699999999998, 1.59857, 1.6085699999999998, 1.61857, 1.6285699999999999, 1.63857, 1.6485699999999999, 1.65857, 1.6685699999999999, 1.6785700000000001, 1.68857, 1.69857, 1.70857, 1.71857, 1.72857, 1.73857]}}, "Datapoints": 1, "RuleParameters": "min_threshold:70\nmax_threshold:200"}