{"RuleTriggered": 0, "Violations": 0, "Details": {"pin_memory": false, "num_workers": 0, "cores": 4, "dataloaders": 1, "dataloading_time": {"p25": 0.559695, "p50": 0.559695, "p95": 0.559695, "probs": [0, 0, 0, 0, 0, 0, 0, 0, 0, 0, 0, 0, 0, 0, 0, 0, 0, 0, 0, 0, 0, 0, 0, 0, 0, 0, 0, 0, 0, 0, 0, 0, 0, 0, 0, 0, 0, 0, 0, 0, 0, 0, 0, 0, 0, 0, 0, 0, 0, 0, 1, 0, 0, 0, 0, 0, 0, 0, 0, 0, 0, 0, 0, 0, 0, 0, 0, 0, 0, 0, 0, 0, 0, 0, 0, 0, 0, 0, 0, 0, 0, 0, 0, 0, 0, 0, 0, 0, 0, 0, 0, 0, 0, 0, 0, 0, 0, 0, 0, 0], "binedges": [0.059695000000000054, 0.06969500000000005, 0.07969500000000006, 0.08969500000000005, 0.09969500000000006, 0.10969500000000006, 0.11969500000000005, 0.12969500000000006, 0.13969500000000007, 0.14969500000000005, 0.15969500000000006, 0.16969500000000004, 0.17969500000000005, 0.18969500000000006, 0.19969500000000007, 0.20969500000000005, 0.21969500000000006, 0.22969500000000007, 0.23969500000000005, 0.24969500000000006, 0.25969500000000006, 0.269695, 0.279695, 0.28969500000000004, 0.29969500000000004, 0.30969500000000005, 0.31969500000000006, 0.32969500000000007, 0.3396950000000001, 0.34969500000000003, 0.35969500000000004, 0.36969500000000005, 0.37969500000000006, 0.38969500000000007, 0.3996950000000001, 0.4096950000000001, 0.41969500000000004, 0.42969500000000005, 0.43969500000000006, 0.44969500000000007, 0.4596950000000001, 0.4696950000000001, 0.47969500000000004, 0.48969500000000005, 0.49969500000000006, 0.509695, 0.519695, 0.529695, 0.539695, 0.549695, 0.559695, 0.5696950000000001, 0.5796950000000001, 0.5896950000000001, 0.5996950000000001, 0.6096950000000001, 0.6196950000000001, 0.6296950000000001, 0.639695, 0.649695, 0.659695, 0.669695, 0.679695, 0.6896950000000001, 0.6996950000000001, 0.7096950000000001, 0.7196950000000001, 0.7296950000000001, 0.7396950000000001, 0.7496950000000001, 0.7596950000000001, 0.769695, 0.779695, 0.789695, 0.799695, 0.809695, 0.8196950000000001, 0.8296950000000001, 0.8396950000000001, 0.8496950000000001, 0.8596950000000001, 0.8696950000000001, 0.8796950000000001, 0.8896950000000001, 0.899695, 0.909695, 0.919695, 0.929695, 0.9396950000000001, 0.9496950000000001, 0.9596950000000001, 0.9696950000000001, 0.9796950000000001, 0.9896950000000001, 0.9996950000000001, 1.0096950000000002, 1.019695, 1.029695, 1.039695, 1.049695, 1.059695]}}, "Datapoints": 1, "RuleParameters": "min_threshold:70\nmax_threshold:200"}