{"RuleTriggered": 0, "Violations": 19, "Details": {"low_gpu_utilization": 803, "bottlenecks": {"1720453426.001164": {"GPUs": 1, "CPUs": 1}, "1720453453.500862": {"GPUs": 1, "CPUs": 1}, "1720453456.501203": {"GPUs": 1, "CPUs": 1}, "1720453457.000726": {"GPUs": 1, "CPUs": 1}, "1720453457.500269": {"GPUs": 1, "CPUs": 2}, "1720453458.501088": {"GPUs": 1, "CPUs": 1}, "1720453459.0004": {"GPUs": 1, "CPUs": 1}, "1720453461.500645": {"GPUs": 1, "CPUs": 1}, "1720453462.000733": {"GPUs": 1, "CPUs": 1}, "1720453467.500897": {"GPUs": 1, "CPUs": 1}, "1720453468.001176": {"GPUs": 1, "CPUs": 1}, "1720453468.501217": {"GPUs": 1, "CPUs": 1}, "1720453469.00042": {"GPUs": 1, "CPUs": 1}, "1720453475.001226": {"GPUs": 1, "CPUs": 1}, "1720453476.000554": {"GPUs": 1, "CPUs": 1}, "1720453476.500649": {"GPUs": 1, "CPUs": 1}, "1720453478.000841": {"GPUs": 1, "CPUs": 1}, "1720453478.501005": {"GPUs": 1, "CPUs": 1}, "1720453479.501173": {"GPUs": 1, "CPUs": 1}}}, "Datapoints": 951, "RuleParameters": "threshold:50\nio_threshold:50\ngpu_threshold:10\npatience:1000"}