{"RuleTriggered": 0, "Violations": 0, "Details": {"step_num": {"first": 1720453471967757, "last": 1720453679624585}, "job_start": 1720453206.000227, "job_end": 1720453679.502039}, "Datapoints": 211, "RuleParameters": "threshold:20"}