{"RuleTriggered": 0, "Violations": 0, "Details": {"step_num": {"first": 1719161607928519, "last": 1719162655007331}, "job_start": 1719161533.000875, "job_end": 1719162659.501845}, "Datapoints": 140, "RuleParameters": "threshold:20"}