{"RuleTriggered": 0, "Violations": 0, "Details": {"ratio": {"gpu_functions-dev:0": 54.37700852777444, "cpu_functions": 45.62299147222556}, "phase": {"Step:ModeKeys.TRAIN": 21.1840055229467, "others": 76.60787173743186, "Step:ModeKeys.EVAL": 2.208122739621442}, "phase_time": {}, "CPU": {"aten::to": 12.156726533040288, "aten::copy_": 12.666459060702786, "aten::conv2d": 3.200924645023745, "aten::convolution": 2.5328925699023253, "enumerate(DataLoader)#_SingleProcessDataLoaderIter.__next__": 69.44299719133085}, "CPU_total": {"aten::to": 121798, "aten::copy_": 126905, "aten::conv2d": 32070, "aten::convolution": 25377, "enumerate(DataLoader)#_SingleProcessDataLoaderIter.__next__": 695748}, "GPU": {"aten::to": 4.215331219590324, "aten::copy_": 4.681204740216423, "aten::conv2d": 6.998054713703928, "aten::convolution": 6.985148337798733, "aten::_convolution": 6.971853215631333, "aten::cudnn_convolution": 6.958635842716373, "aten::batch_norm": 3.0440387315675963, "aten::_batch_norm_impl_index": 3.0317543496819277, "aten::cudnn_batch_norm": 3.0186924752718505, "enumerate(DataLoader)#_SingleProcessDataLoaderIter.__next__": 54.095286373821516}, "GPU_total": {"aten::to": 54217, "aten::copy_": 60209, "aten::conv2d": 90008, "aten::convolution": 89842, "aten::_convolution": 89671, "aten::cudnn_convolution": 89501, "aten::batch_norm": 39152, "aten::_batch_norm_impl_index": 38994, "aten::cudnn_batch_norm": 38826, "enumerate(DataLoader)#_SingleProcessDataLoaderIter.__next__": 695766}, "general": {"DataLoaderIterInitialize": 0.002584685159322489, "Forward": 98.00205619725861, "DataLoaderIter": 1.9953591175820695}}, "Datapoints": 0, "RuleParameters": ""}