{"RuleTriggered": 0, "Violations": 0, "Details": {"ratio": {"cpu_functions": 100.0}, "phase": {"Step:ModeKeys.TRAIN": 77.96668577610473, "others": 6.793077246895482, "Step:ModeKeys.EVAL": 15.240236976999794}, "phase_time": {}, "general": {"DataLoaderIterInitialize": 7.917162928281904e-05, "Forward": 99.87960229477461, "DataLoaderIter": 0.1203185335960996}, "CPU": {"aten::conv2d": 17.937798786768173, "aten::convolution": 17.93647642668147, "aten::_convolution": 17.935418538612105, "aten::mkldnn_convolution": 17.932864607340175, "aten::batch_norm": 7.939532854786351, "aten::_batch_norm_impl_index": 7.937934180651679, "aten::native_batch_norm": 7.935849983261291, "enumerate(DataLoader)#_SingleProcessDataLoaderIter.__next__": 4.444124621898765}, "CPU_total": {"aten::conv2d": 4544271, "aten::convolution": 4543936, "aten::_convolution": 4543668, "aten::mkldnn_convolution": 4543021, "aten::batch_norm": 2011361, "aten::_batch_norm_impl_index": 2010956, "aten::native_batch_norm": 2010428, "enumerate(DataLoader)#_SingleProcessDataLoaderIter.__next__": 1125852}}, "Datapoints": 0, "RuleParameters": ""}