{"RuleTriggered": 0, "Violations": 0, "Details": {"step_details": {"algo-1-27": {"step_stats": {"mean": 7.288602449152543, "max": 11.926035, "p99": 9.379595, "p95": 7.92813785, "p50": 7.330935, "min": 0.940638}, "number_of_outliers": 1, "phase": "Step:ModeKeys.TRAIN", "stddev": 1.01, "probs": [1, 1, 0, 0, 0, 0, 0, 0, 0, 0, 0, 0, 0, 0, 0, 0, 0, 0, 0, 0, 0, 0, 0, 0, 0, 0, 0, 0, 0, 0, 0, 0, 0, 0, 0, 0, 0, 0, 0, 0, 0, 0, 0, 0, 0, 0, 0, 0, 0, 0, 0, 0, 0, 0, 0, 0, 0, 0, 0, 0, 0, 0, 0, 0, 0, 0, 0, 0, 0, 4, 17, 6, 5, 1, 0, 28, 15, 11, 8, 3, 4, 7, 1, 3, 0, 0, 0, 0, 0, 0, 0, 0, 0, 0, 0, 0, 0, 0, 0, 2], "binedges": [0.940638, 1.02502757, 1.10941714, 1.19380671, 1.27819628, 1.3625858499999999, 1.4469754199999998, 1.53136499, 1.61575456, 1.70014413, 1.7845337, 1.8689232699999998, 1.9533128399999997, 2.03770241, 2.12209198, 2.20648155, 2.29087112, 2.3752606899999997, 2.45965026, 2.54403983, 2.6284294, 2.71281897, 2.7972085399999997, 2.88159811, 2.9659876799999996, 3.05037725, 3.13476682, 3.2191563899999998, 3.3035459599999997, 3.3879355299999996, 3.4723251, 3.55671467, 3.6411042399999998, 3.7254938099999997, 3.8098833799999996, 3.89427295, 3.97866252, 4.06305209, 4.14744166, 4.23183123, 4.3162208, 4.40061037, 4.48499994, 4.56938951, 4.65377908, 4.7381686499999995, 4.82255822, 4.90694779, 4.991337359999999, 5.07572693, 5.1601165, 5.24450607, 5.32889564, 5.41328521, 5.49767478, 5.58206435, 5.6664539199999995, 5.750843489999999, 5.835233059999999, 5.91962263, 6.0040122, 6.08840177, 6.17279134, 6.25718091, 6.34157048, 6.42596005, 6.5103496199999995, 6.594739189999999, 6.679128759999999, 6.763518329999999, 6.8479079, 6.93229747, 7.01668704, 7.10107661, 7.18546618, 7.26985575, 7.3542453199999995, 7.4386348899999994, 7.523024459999999, 7.607414029999999, 7.6918036, 7.77619317, 7.86058274, 7.94497231, 8.02936188, 8.11375145, 8.19814102, 8.28253059, 8.36692016, 8.45130973, 8.5356993, 8.62008887, 8.70447844, 8.78886801, 8.87325758, 8.95764715, 9.042036719999999, 9.12642629, 9.21081586, 9.29520543, 9.379595], "step_numbers": ["6"]}}}, "Datapoints": 140, "RuleParameters": "threshold:3\nmode:None\nn_outliers:10\nstddev:3"}