{"RuleTriggered": 0, "Violations": 0, "Details": {"step_details": {"algo-1-27": {"step_stats": {"mean": 0.1263789035532995, "max": 10.906371, "p99": 0.3605419199999873, "p95": 0.197963, "p50": 0.029673, "min": 0.026584}, "number_of_outliers": 1, "phase": "Step:ModeKeys.TRAIN", "stddev": 0.78, "probs": [154, 0, 1, 1, 0, 0, 0, 8, 19, 10, 0, 0, 0, 1, 1, 0, 0, 0, 0, 0, 0, 0, 0, 0, 0, 0, 0, 0, 0, 0, 0, 0, 0, 0, 0, 0, 0, 0, 0, 0, 0, 0, 0, 0, 0, 0, 0, 0, 0, 0, 0, 0, 0, 0, 0, 0, 0, 0, 0, 0, 0, 0, 0, 0, 0, 0, 0, 0, 0, 0, 0, 0, 0, 0, 0, 0, 0, 0, 0, 0, 0, 0, 0, 0, 0, 0, 0, 0, 0, 0, 0, 0, 0, 0, 0, 0, 0, 0, 0, 1], "binedges": [0.026584, 0.04519356, 0.06380312, 0.08241268, 0.10102224, 0.1196318, 0.13824136, 0.15685092, 0.17546048, 0.19407004, 0.2126796, 0.23128916, 0.24989872000000002, 0.26850828000000004, 0.28711784, 0.3057274, 0.32433696, 0.34294652000000003, 0.36155608, 0.38016564, 0.3987752, 0.41738476, 0.43599432, 0.45460388, 0.47321344000000004, 0.491823, 0.51043256, 0.5290421200000001, 0.5476516800000001, 0.5662612400000001, 0.5848708, 0.60348036, 0.6220899200000001, 0.6406994800000001, 0.6593090400000001, 0.6779186, 0.6965281600000001, 0.7151377200000001, 0.7337472800000001, 0.75235684, 0.7709664, 0.7895759600000001, 0.8081855200000001, 0.8267950800000001, 0.84540464, 0.8640142000000001, 0.8826237600000001, 0.9012333200000001, 0.9198428800000001, 0.93845244, 0.9570620000000001, 0.9756715600000001, 0.9942811200000001, 1.01289068, 1.03150024, 1.0501098, 1.06871936, 1.08732892, 1.10593848, 1.12454804, 1.1431575999999999, 1.16176716, 1.18037672, 1.19898628, 1.21759584, 1.2362054, 1.25481496, 1.27342452, 1.29203408, 1.3106436399999999, 1.3292532, 1.34786276, 1.36647232, 1.38508188, 1.40369144, 1.422301, 1.44091056, 1.45952012, 1.47812968, 1.49673924, 1.5153488, 1.53395836, 1.55256792, 1.57117748, 1.58978704, 1.6083966, 1.62700616, 1.64561572, 1.66422528, 1.68283484, 1.7014444, 1.72005396, 1.73866352, 1.75727308, 1.77588264, 1.7944922, 1.8131017600000001, 1.83171132, 1.85032088, 1.86893044, 1.88754], "step_numbers": ["0"]}}}, "Datapoints": 211, "RuleParameters": "threshold:3\nmode:None\nn_outliers:10\nstddev:3"}